name,code,hex
1,,
1 / 45x30x33 cm,,
1.1米*2.5cm,,
100*70*20,,
1000ml,,
135*85*30cm,,
175*90*30cm,,
180*132*30,,
190*120*30cm,,
190*95*30,,
1L,,
2,,
2 / 45x30x33 cm,,
200007763:201336106,,
2000ml,,
2XL,,
30pcs,,
30x44x22cm,,
36x17x29cm,,
3XL,,
40*30cm,,
40cm,,
40x16x32cm,,
40x19x28cm,,
40x20x28cm,,
40x25x18cm,,
40x26x30cm,,
40x27cm,,
40x28x18cm,,
40x28x28 cm,,
42x26x23cm,,
43x27x19cm,,
43x30x23cm,,
44x22x34cm,,
45*22*26.5cm,,
45x30x25,,
45x30x33 cm,,
45x34x39cm,,
47x22x32 cm,,
47x22x32 cm / 47x22x32 cm,,
47x26x29 cm,,
47x29x30 cm,,
4pcs,,
4pcs / Charge USB / 1L,,
4XL,,
50*40cm,,
50*50*20,,
50cm,,
50x35x35cm,,
5XL,,
60*45cm,,
60*60*27,,
60cm,,
6pcs,,
6pcs / 1000ml,,
70*50cm,,
70cm,,
80cm,,
8PCS,,
90*70cm,,
90cm,,
a set,,
a set / Chest size 33-37cm / Plastique,,
a set / Chest size 46-54cm / Plastique,,
a set / Chest size 53-61cm / Plastique,,
Add Nail Clipper,,
As pictures,,
AU,,
AU Plug,,
Automatic constant temperature smart heater,,
Automatic constant temperature smart heater / US Plug,,
bag,,
Bag,,
bag / Chest size 33-37cm / Plastique,,
bag / Chest size 46-54cm / Plastique,,
bag / Chest size 53-61cm / Plastique,,
Beige,,
Beige / 40cm / Plastique,,
Beige / 44x22x34cm,,
Beige / 45x34x39cm,,
Beige / 50cm / Plastique,,
Beige / 60cm / Plastique,,
Beige / 70cm / Plastique,,
Beige / 80cm / Plastique,,
Beige / 90cm / Plastique,,
Beige / Bag / Plastique,,
Beige / Box / Plastique,,
Beige / Set / Plastique,,
Beige color,,
Beige color / 2XL / Plastique,,
Beige color / 3XL / Plastique,,
Beige color / 4XL / Plastique,,
Beige color / 5XL / Plastique,,
Beige color / L / Plastique,,
Beige color / M / Plastique,,
Beige color / XL / Plastique,,
black,,
Black,,
Black  6-piece set,,
Black  6-piece set / L / Plastique,,
Black  6-piece set / M / Plastique,,
Black  6-piece set / S / Plastique,,
Black  6-piece set / XL / Plastique,,
Black / 1.1米*2.5cm,,
black / 2XL,,
black / 36x17x29cm / Plastique,,
black / 40x16x32cm,,
black / 40x25x18cm,,
black / 40x26x30cm,,
Black / 40x26x30cm,,
Black / 40x27cm,,
black / 40x28x18cm,,
Black / 40x28x28 cm,,
black / 43x27x19cm,,
black / 43x30x23cm,,
Black / 44x22x34cm,,
Black / 45x30x25,,
Black / 45x34x39cm,,
black / 47x26x29 cm,,
black / 47x29x30 cm,,
Black / Bag / Plastique,,
Black / Box / Plastique,,
black / L,,
black / L / Plastique,,
black / L 47x21x30cm,,
black / L(50x35x35cm),,
black / M,,
black / M / Plastique,,
black / M 40x26x20cm,,
black / M(40x25x25cm),,
black / S,,
black / S 34x22x20cm,,
black / S 40x19x26cm,,
Black / Set / Plastique,,
black / XL,,
black / XL / Plastique,,
Black 4-piece set,,
Black 4-piece set / L / Plastique,,
Black 4-piece set / M / Plastique,,
Black 4-piece set / S / Plastique,,
Black 4-piece set / XL / Plastique,,
blue,,
Blue,,
blue / 1000ml,,
Blue / 40x28x28 cm,,
blue / 45x30x25,,
Blue / 47x29x30 cm,,
Blue / 50*50*20 / Plastique,,
Blue / 60*60*27 / Plastique,,
Blue / Bag / Plastique,,
Blue / Box / Plastique,,
Blue / L(50x35x35cm),,
Blue / M(40x25x25cm),,
Blue / Set / Plastique,,
Blue Feeder,,
Blue Green,,
Blue Water Dispenser,,
Blue Waterer,,
Box,,
brown,,
Brown,,
Brown / 40*30cm / Plastique,,
brown / 40x26x30cm,,
Brown / 50*40cm / Plastique,,
Brown / 60*45cm / Plastique,,
Brown / 70*50cm / Plastique,,
Brown / 90*70cm / Plastique,,
brown / L / Plastique,,
brown / M / Plastique,,
brown / XL / Plastique,,
Brown Bear,,
Brown Toast,,
brush,,
Charge USB,,
Chest size 33-37cm,,
Chest size 46-54cm,,
Chest size 53-61cm,,
Coffee,,
Cute Deer Deer,,
Cute dolphin,,
Cute little chicken,,
Dark blue,,
Dark blue / L 47x21x30cm,,
Dark blue / S 40x19x26cm,,
Dark Gray,,
Dark Gray / 50*50*20 / Plastique,,
Dark Gray / 60*60*27 / Plastique,,
default title,,
Default Title,,
EU,,
EU Plug,,
filter element,,
filter element / 8PCS,,
Gray,,
GRAY,,
GRAY / 40x19x28cm,,
Gray / 47x29x30 cm,,
GRAY / 50x35x35cm,,
GRAY / L(50x35x35cm),,
GRAY / M 40x26x20cm,,
GRAY / M(40x25x25cm),,
GRAY / S 34x22x20cm,,
Gray Feeder,,
Gray Waterer,,
green,,
Green,,
Green  6-piece set,,
Green  6-piece set / L / Plastique,,
Green  6-piece set / M / Plastique,,
Green  6-piece set / S / Plastique,,
Green  6-piece set / XL / Plastique,,
green / 1000ml,,
green / 45x30x25,,
green / 50x35x35cm,,
Green / Bag / Plastique,,
Green / Box / Plastique,,
Green / Set / Plastique,,
Green 4-piece set,,
Green 4-piece set / L / Plastique,,
Green 4-piece set / M / Plastique,,
Green 4-piece set / S / Plastique,,
Green 4-piece set / XL / Plastique,,
Green central control,,
Green central control / 45*22*26.5cm / Plastique,,
Green Feeder,,
Green mangosteen,,
Green Water Dispenser,,
Green yellow,,
Green yellow / 2XL / Plastique,,
Green yellow / 3XL / Plastique,,
Green yellow / 4XL / Plastique,,
Green yellow / 5XL / Plastique,,
Green yellow / L / Plastique,,
Green yellow / M / Plastique,,
Green yellow / XL / Plastique,,
grey,,
Grey,,
Grey / 1.1米*2.5cm,,
grey / 100*70*20 / Plastique,,
grey / 135*85*30cm / Plastique,,
grey / 175*90*30cm / Plastique,,
grey / 180*132*30 / Plastique,,
grey / 190*120*30cm / Plastique,,
grey / 190*95*30 / Plastique,,
Grey / 40*30cm / Plastique,,
Grey / 40cm / Plastique,,
grey / 40x26x30cm,,
Grey / 44x22x34cm,,
Grey / 45x34x39cm,,
Grey / 50*40cm / Plastique,,
Grey / 50cm / Plastique,,
Grey / 60*45cm / Plastique,,
Grey / 60cm / Plastique,,
Grey / 70*50cm / Plastique,,
Grey / 70cm / Plastique,,
Grey / 80cm / Plastique,,
Grey / 90*70cm / Plastique,,
Grey / 90cm / Plastique,,
Grey / Bag / Plastique,,
Grey / Box / Plastique,,
Grey / Set / Plastique,,
Grey Blue,,
Grey Blue / 2XL / Plastique,,
Grey Blue / 3XL / Plastique,,
Grey Blue / 4XL / Plastique,,
Grey Blue / 5XL / Plastique,,
Grey Blue / L / Plastique,,
Grey Blue / M / Plastique,,
Grey Blue / XL / Plastique,,
Grey central control,,
Grey central control / 45*22*26.5cm / Plastique,,
Grey mangosteen,,
Grey Water Dispenser,,
Grey with package,,
harness,,
harness / Chest size 33-37cm / Plastique,,
harness / Chest size 46-54cm / Plastique,,
harness / Chest size 53-61cm / Plastique,,
kaki,,
kaki / 50x35x35cm,,
Khaki,,
Khaki / 100*70*20 / Plastique,,
Khaki / 135*85*30cm / Plastique,,
Khaki / 175*90*30cm / Plastique,,
Khaki / 180*132*30 / Plastique,,
Khaki / 190*120*30cm / Plastique,,
Khaki / 190*95*30 / Plastique,,
Khaki / 40cm / Plastique,,
Khaki / 44x22x34cm,,
Khaki / 45x34x39cm,,
Khaki / 50cm / Plastique,,
Khaki / 60cm / Plastique,,
Khaki / 70cm / Plastique,,
Khaki / 80cm / Plastique,,
Khaki / 90cm / Plastique,,
L,,
L / As pictures,,
L / Brown Bear / Plastique,,
L / Brown Toast / Plastique,,
L / Cute Deer Deer / Plastique,,
L / Cute dolphin / Plastique,,
L / Cute little chicken / Plastique,,
L / Green mangosteen / Plastique,,
L / Grey mangosteen / Plastique,,
L / Velvet green / Plastique,,
L / Yellow Toast / Plastique,,
L 47x21x30cm,,
L-43x20.5x33 cm,,
L(50x35x35cm),,
Lavender,,
Lavender / 45x30x25,,
leash,,
leash / Chest size 33-37cm / Plastique,,
leash / Chest size 46-54cm / Plastique,,
leash / Chest size 53-61cm / Plastique,,
Light blue,,
Light blue / 1.1米*2.5cm,,
Light Grey,,
Light Grey / 40x26x30cm,,
Light Grey / 47x26x29 cm,,
Light Grey / 50*50*20 / Plastique,,
Light Grey / 60*60*27 / Plastique,,
M,,
M / Brown Bear / Plastique,,
M / Brown Toast / Plastique,,
M / Cute Deer Deer / Plastique,,
M / Cute dolphin / Plastique,,
M / Cute little chicken / Plastique,,
M / Green mangosteen / Plastique,,
M / Grey mangosteen / Plastique,,
M / Velvet green / Plastique,,
M / Yellow Toast / Plastique,,
M 40x26x20cm,,
M-38x18.5x29 cm,,
M(40x25x25cm),,
Military Green,,
Military Green / 1.1米*2.5cm,,
Mud  6-piece set,,
Mud  6-piece set / L / Plastique,,
Mud  6-piece set / S / Plastique,,
Mud  6-piece set / XL / Plastique,,
Mud 4-piece set,,
Mud 4-piece set / L / Plastique,,
Mud 4-piece set / M / Plastique,,
Mud 4-piece set / S / Plastique,,
Mud 4-piece set / XL / Plastique,,
Mud 6-piece set,,
Mud 6-piece set / M / Plastique,,
Nail Polishing Tool,,
Navy blue,,
Navy blue / 1.1米*2.5cm,,
no package Grey,,
no package Orange,,
no package Pink,,
one color,,
orange,,
Orange,,
Orange / 1.1米*2.5cm,,
Orange central control,,
Orange central control / 45*22*26.5cm / Plastique,,
Orange Feeder,,
Orange Waterer,,
Orange with package,,
Organ Cat Nest Regular Edition (Comes with Catnip),,
Organ Cat Nest Upgraded Thickened Version (with Bell Ball),,
pink,,
Pink,,
Pink / 1.1米*2.5cm,,
pink / 1000ml,,
pink / 40cm / Plastique,,
Pink / 40x28x18cm,,
Pink / 40x28x28 cm,,
Pink / 44x22x34cm,,
Pink / 45x34x39cm,,
Pink / 47x26x29 cm,,
Pink / 47x29x30 cm,,
Pink / 50*50*20 / Plastique,,
pink / 50cm / Plastique,,
Pink / 60*60*27 / Plastique,,
pink / 60cm / Plastique,,
pink / 70cm / Plastique,,
pink / 80cm / Plastique,,
pink / 90cm / Plastique,,
Pink / Bag / Plastique,,
Pink / Box / Plastique,,
Pink / L(50x35x35cm),,
Pink / M(40x25x25cm),,
Pink / Set / Plastique,,
Pink / XS,,
Pink Feeder,,
pink green,,
Pink Water Dispenser,,
Pink with package,,
Plastique,,
Purple,,
Purple / 40cm / Plastique,,
Purple / 50cm / Plastique,,
Purple / 60cm / Plastique,,
Purple / 70cm / Plastique,,
Purple / 80cm / Plastique,,
Purple / 90cm / Plastique,,
Purple / Bag / Plastique,,
Purple / Box / Plastique,,
Purple / Set / Plastique,,
Purple Feeder,,
Purple Waterer,,
Red,,
Red / 1.1米*2.5cm,,
Red / M 40x26x20cm,,
Red / S 34x22x20cm,,
Red Black,,
Red Black / 2XL / Plastique,,
Red Black / 3XL / Plastique,,
Red Black / 4XL / Plastique,,
Red Black / 5XL / Plastique,,
Red Black / L / Plastique,,
Red Black / M / Plastique,,
Red Black / XL / Plastique,,
Rose red,,
Rose red / 1.1米*2.5cm,,
S,,
S / As pictures,,
S / Brown Bear / Plastique,,
S / Brown Toast / Plastique,,
S / Cute Deer Deer / Plastique,,
S / Cute dolphin / Plastique,,
S / Cute little chicken / Plastique,,
S / Grey mangosteen / Plastique,,
S / Velvet green / Plastique,,
S / Yellow Toast / Plastique,,
S 34x22x20cm,,
S 40x19x26cm,,
S-34x16.5x24 cm,,
Set,,
Title,,
transparent,,
transparent / AU Plug,,
transparent / EU Plug,,
transparent / UK Plug,,
transparent / US Plug,,
UK,,
UK Plug,,
US,,
US Plug,,
Variant,,
Velvet green,,
white,,
White,,
WHITE,,
white / 1000ml,,
WHITE / 2XL,,
White / 40cm / Plastique,,
White / 40x28x28 cm,,
WHITE / 42x26x23cm,,
WHITE / 43x27x19cm,,
WHITE / 47x26x29 cm,,
White / 50cm / Plastique,,
White / 60cm / Plastique,,
White / 70cm / Plastique,,
White / 80cm / Plastique,,
White / 90cm / Plastique,,
White / Bag / Plastique,,
White / Box / Plastique,,
WHITE / Charge USB / 1L,,
WHITE / L,,
WHITE / M,,
WHITE / S,,
White / Set / Plastique,,
WHITE / XL,,
WHITE / XS,,
X1,,
X1 / AU,,
X1 / EU,,
X1 / UK,,
X1 / US,,
XL,,
XL / Brown Bear / Plastique,,
XL / Brown Toast / Plastique,,
XL / Cute little chicken / Plastique,,
XL / Velvet green / Plastique,,
XL / Yellow Toast / Plastique,,
XS,,
yellow,,
Yellow,,
yellow / 1000ml,,
Yellow / Bag / Plastique,,
Yellow / Box / Plastique,,
Yellow / Set / Plastique,,
Yellow central control,,
Yellow central control / 45*22*26.5cm / Plastique,,
Yellow Toast,,